Question,Answer,Brand
What makes Closeup toothpaste different from regular toothpaste?,"Closeup isn’t just about cleaning—it’s about confidence. With active zinc, micro-shine crystals, and intense freshness, it gives you 12 hours of protection and the power to get closer. Try Closeup Red Hot or Menthol Chill for a burst of freshness!",Closeup
Does Closeup help with bad breath?,"Yes! Closeup contains antibacterial zinc that fights 99% of bacteria causing bad breath, giving you long-lasting fresh breath and a boost of confidence for every close moment.",Closeup
Is Closeup suitable for daily use?,"Absolutely. Closeup is designed for everyday freshness and oral protection. Its unique gel formula keeps your mouth clean, healthy, and kiss-ready all day!",Closeup
Which Closeup flavor is best for freshness?,Try Closeup Menthol Chill for intense coolness or Red Hot for a spicy kick. Both are designed to deliver long-lasting freshness and a bold experience.,Closeup
Does Closeup whiten teeth?,"Yes. Closeup’s micro-shine crystals gently polish away stains, helping you achieve a visibly whiter smile with daily use. Flash your brightest smile confidently!",Closeup
Is Closeup safe for teenagers?,"Yes, Closeup is great for teens who are conscious about fresh breath and a bright smile. Its stylish packaging and energizing flavors are loved by Gen Z.",Closeup
How does Closeup help during social situations?,"Closeup boosts your confidence by keeping your breath fresh and your teeth clean. Whether it’s a date, interview, or selfie moment—Closeup gets you closer.",Closeup
What are the benefits of the Closeup gel formula?,"Closeup's gel is fast-acting, spreads easily, and delivers freshness deep into your mouth. It’s not just a paste—it’s a sensorial experience!",Closeup
Can I use Closeup with a mouthwash?,"Yes! While Closeup delivers freshness on its own, pairing it with a mouthwash can give you an extra layer of protection and freshness, especially for long days.",Closeup
How often should I brush with Closeup?,Brush twice daily with Closeup—once in the morning and once at night—for 24/7 confidence and oral protection.,Closeup
Does Closeup help with gum health?,"Yes. With regular use, Closeup's antibacterial formula helps reduce plaque buildup and supports healthier gums.",Closeup
Is Closeup approved by dental professionals?,Yes. Closeup meets all regulatory and dental safety standards. It’s trusted by millions globally for fresh breath and oral care.,Closeup
Does Closeup come in different sizes?,"Yes. From pocket-sized tubes to family packs, Closeup has you covered. Choose the size that suits your lifestyle.",Closeup
Where can I buy Closeup toothpaste?,"Closeup is available at supermarkets, pharmacies, and online. Look for combo deals and family value packs for extra savings!",Closeup
Does Closeup offer a mouthwash too?,Yes! Try the Closeup Nature Boost Mouthwash for a refreshing finish that complements your brushing routine. It’s fluoride-free and alcohol-free.,Closeup
